{
    "help": "Usage:\n<I4>\n<A> # alignment\nhelp <A> # just for alignment\n<b>help</b> [<u>COMMAND</u>]</a></a></i4>\n\nOptions:\n",
    "h": "Usage:\n<I4>\n<A> # alignment\nhelp <A> # just for alignment\n<b>help</b> [<u>COMMAND</u>]</a></a></i4>\n\nOptions:\n",
    "exit": "Usage:\n<I4>\n<A> # alignment\n<b>exit</b>\n<b>quit</b>\n<b>q</b></a></i4>\n\nOptions:\n",
    "quit": "Usage:\n<I4>\n<A> # alignment\n<b>exit</b>\n<b>quit</b>\n<b>q</b></a></i4>\n\nOptions:\n",
    "q": "Usage:\n<I4>\n<A> # alignment\n<b>exit</b>\n<b>quit</b>\n<b>q</b></a></i4>\n\nOptions:\n",
    "trace": "Usage:\n<I4>\n<A> # alignment\ntrace <A> # just for alignment\n<b>trace</b> [<u>0</u> | <u>1</u>]\n<b>t</b>     <a>[<u>0</u> | <u>1</u>]</a></a></i4>\n\nOptions:\n",
    "t": "Usage:\n<I4>\n<A> # alignment\ntrace <A> # just for alignment\n<b>trace</b> [<u>0</u> | <u>1</u>]\n<b>t</b>     <a>[<u>0</u> | <u>1</u>]</a></a></i4>\n\nOptions:\n",
    "verbose": "Usage:\n<I4>\n<A> # alignment\nverbose <A> # just for alignment\n<b>verbose</b> <a>[<u>LEVEL</u>]</a>\n<b>v</b>       <a>[<u>LEVEL</u>]</a></a></i4>\n\nOptions:\n",
    "v": "Usage:\n<I4>\n<A> # alignment\nverbose <A> # just for alignment\n<b>verbose</b> <a>[<u>LEVEL</u>]</a>\n<b>v</b>       <a>[<u>LEVEL</u>]</a></a></i4>\n\nOptions:\n",
    "pwd": "Usage:\n<I4>\n<A> # alignment\n<b>pwd</b></a></i4>\n\nOptions:\n",
    "ls": "Usage:\n<I4>\n<A> # alignment\nls <A> # just for alignment\n<b>ls</b> [<u>OPTION</u>]... [<u>DIR</u>]</a></a></i4>\n\nOptions:\n<I4>\n                   <A> # alignment\n-a, --all          show hidden files too\n-g, --group        group by file type\n-l                 show more details\n-r, --reverse      reverse sort order\n-S                 show files size\n-s, --sort-size    sort by size</a></i4>",
    "l": "alias for ls -la",
    "tree": "Usage:\n<I4>\n<A> # alignment\ntree <A> # just for alignment\n<b>tree</b> [<u>OPTION</u>]... [<u>DIR</u>]</a></a></i4>\n\nOptions:\n<I4>\n                       <A> # alignment\n-a, --all              show hidden files too\n-d, --depth  <depth>   maximum display depth of tree\n-g, --group            group by file type\n-l                     show more details\n-r, --reverse          reverse sort order\n-S                     show files size\n-s, --sort-size        sort by size</a></i4>",
    "cd": "Usage:\n<I4>\n<A> # alignment\ncd <A> # just for alignment\n<b>cd</b> [<u>DIR</u>]</a></a></i4>\n\nOptions:\n",
    "mkdir": "Usage:\n<I4>\n<A> # alignment\nmkdir <A> # just for alignment\n<b>mkdir</b> <u>DIR</u></a></a></i4>\n\nOptions:\n",
    "cp": "Usage:\n<I4>\n<A> # alignment\ncp <A> # just for alignment\n<b>cp</b> <u>SOURCE</u> <u>DEST</u>\n<b>cp</b> <u>SOURCE</u>... <u>DIR</u></a></a></i4>\n\nOptions:\n",
    "mv": "Usage:\n<I4>\n<A> # alignment\nmv <A> # just for alignment\n<b>mv</b> <u>SOURCE</u> <u>DEST</u>\n<b>mv</b> <u>SOURCE</u>... <u>DIR</u></a></a></i4>\n\nOptions:\n",
    "rm": "Usage:\n<I4>\n<A> # alignment\nrm <A> # just for alignment\n<b>rm</b> [FILE]...</a></a></i4>\n\nOptions:\n",
    "exec": "Usage:\n<I4>\n<A> # alignment\nexec <A> # just for alignment\n<b>exec</b> <u>COMMAND</u>\n<b>:</b>    <u>COMMAND</u>\n<b>:</b>    <u>COMMAND</u></a></a></i4>\n\nOptions:\n",
    ":": "Usage:\n<I4>\n<A> # alignment\nexec <A> # just for alignment\n<b>exec</b> <u>COMMAND</u>\n<b>:</b>    <u>COMMAND</u>\n<b>:</b>    <u>COMMAND</u></a></a></i4>\n\nOptions:\n",
    "rpwd": "Usage:\n<I4>\n<A> # alignment\n<b>rpwd</b></a></i4>\n\nOptions:\n",
    "rls": "Usage:\n<I4>\n<A> # alignment\nrls <A> # just for alignment\n<b>rls</b> [<u>OPTION</u>]... [<u>DIR</u>]\n\n<b>rls</b> [<u>OPTION</u>]... [<u>SHARING_LOCATION</u>] [<u>DIR</u>]</a></a></i4>\n\nOptions:\n<I4>\n                   <A> # alignment\n-a, --all          show hidden files too\n-g, --group        group by file type\n-l                 show more details\n-r, --reverse      reverse sort order\n-S                 show files size\n-s, --sort-size    sort by size</a></i4>",
    "rl": "alias for rls -la",
    "rtree": "Usage:\n<I4>\n<A> # alignment\nrtree <A> # just for alignment\n<b>rtree</b> [<u>OPTION</u>]... [<u>DIR</u>]\n\n<b>rtree</b> [<u>OPTION</u>]... [<u>SHARING_LOCATION</u>] [<u>DIR</u>]</a></a></i4>\n\nOptions:\n<I4>\n                       <A> # alignment\n-a, --all              show hidden files too\n-d, --depth  <depth>   maximum display depth of tree\n-g, --group            group by file type\n-l                     show more details\n-r, --reverse          reverse sort order\n-S                     show files size\n-s, --sort-size        sort by size</a></i4>",
    "rcd": "Usage:\n<I4>\n<A> # alignment\nrcd <A> # just for alignment\n<b>rcd</b> [<u>DIR</u>]</a></a></i4>\n\nOptions:\n",
    "rmkdir": "Usage:\n<I4>\n<A> # alignment\nrmkdir <A> # just for alignment\n\n<b>rmkdir</b> <u>DIR</u>\n\n<b>rmkdir</b> [<u>SHARING_LOCATION</u>] <u>DIR</u></a></a></i4>\n\nOptions:\n",
    "rcp": "Usage:\n<I4>\n<A> # alignment\nrcp <A> # just for alignment\n<b>rcp</b> <u>SOURCE</u> <u>DEST</u>\n<b>rcp</b> <u>SOURCE</u>... <u>DIR</u>\n\n<b>rcp</b> [<u>SHARING_LOCATION</u>] <u>SOURCE</u> <u>DEST</u>\n<b>rcp</b> [<u>SHARING_LOCATION</u>] <u>SOURCE</u>... <u>DIR</u></a></a></i4>\n\nOptions:\n",
    "rmv": "Usage:\n<I4>\n<A> # alignment\nrmv <A> # just for alignment\n<b>rmv</b> <u>SOURCE</u> <u>DEST</u>\n<b>rmv</b> <u>SOURCE</u>... <u>DIR</u>\n\n<b>rmv</b> [<u>SHARING_LOCATION</u>] <u>SOURCE</u> <u>DEST</u>\n<b>rmv</b> [<u>SHARING_LOCATION</u>] <u>SOURCE</u>... <u>DIR</u></a></a></i4>\n\nOptions:\n",
    "rrm": "Usage:\n<I4>\n<A> # alignment\nrrm <A> # just for alignment\n<b>rrm</b> [FILE]...\n\n<b>rrm</b> [<u>SHARING_LOCATION</u>] [FILE]...</a></a></i4>\n\nOptions:\n",
    "rexec": "Usage:\n<I4>\n<A> # alignment\nrexec <A> # just for alignment\n<b>rexec</b> <u>COMMAND</u>\n<b>::</b>    <u>COMMAND</u>\n<b>::</b><u>COMMAND</u>\n\n<b>rexec</b> [<u>SERVER_LOCATION</u>] <u>COMMAND</u>\n<b>::</b>    [<u>SERVER_LOCATION</u>] <u>COMMAND</u>\n<b>::</b>[<u>SERVER_LOCATION</u>] <u>COMMAND</u></a></a></i4>\n\nOptions:\n",
    "::": "Usage:\n<I4>\n<A> # alignment\nrexec <A> # just for alignment\n<b>rexec</b> <u>COMMAND</u>\n<b>::</b>    <u>COMMAND</u>\n<b>::</b><u>COMMAND</u>\n\n<b>rexec</b> [<u>SERVER_LOCATION</u>] <u>COMMAND</u>\n<b>::</b>    [<u>SERVER_LOCATION</u>] <u>COMMAND</u>\n<b>::</b>[<u>SERVER_LOCATION</u>] <u>COMMAND</u></a></a></i4>\n\nOptions:\n",
    "scan": "Usage:\n<I4>\n<A> # alignment\nscan <A> # just for alignment\n<b>scan</b> [<u>OPTION</u>]...\n<b>s</b>    [<u>OPTION</u>]...</a></a></i4>\n\nOptions:\n<I4>\n      <A> # alignment\n-L    show more details of both servers and sharings\n-l    show more details of sharings</a></i4>",
    "s": "Usage:\n<I4>\n<A> # alignment\nscan <A> # just for alignment\n<b>scan</b> [<u>OPTION</u>]...\n<b>s</b>    [<u>OPTION</u>]...</a></a></i4>\n\nOptions:\n<I4>\n      <A> # alignment\n-L    show more details of both servers and sharings\n-l    show more details of sharings</a></i4>",
    "connect": "Usage:\n<I4>\n<A> # alignment\nconnect <A> # just for alignment\n<b>connect</b> <u>SERVER_LOCATION</u></a></a></i4>\n\nOptions:\n",
    "disconnect": "Usage:\n<I4>\n<A> # alignment\n<b>disconnect</b></a></i4>\n\nOptions:\n",
    "open": "Usage:\n<I4>\n<A> # alignment\nopen <A> # just for alignment\n<b>open</b> <u>SHARING_LOCATION</u>\n<b>o</b>    <u>SHARING_LOCATION</u></a></a></i4>\n\nOptions:\n",
    "o": "Usage:\n<I4>\n<A> # alignment\nopen <A> # just for alignment\n<b>open</b> <u>SHARING_LOCATION</u>\n<b>o</b>    <u>SHARING_LOCATION</u></a></a></i4>\n\nOptions:\n",
    "close": "Usage:\n<I4>\n<A> # alignment\n<b>close</b>\n<b>c</b></a></i4>\n\nOptions:\n",
    "c": "Usage:\n<I4>\n<A> # alignment\n<b>close</b>\n<b>c</b></a></i4>\n\nOptions:\n",
    "get": "Usage:\n<I4>\n<A> # alignment\nget <A> # just for alignment\n<b>get</b> [OPTION]... [<u>REMOTE_FILE</u>]...\n<b>g</b>   [OPTION]... [<u>REMOTE_FILE</u>]...\n\n<b>get</b> [OPTION]... [<u>SHARING_LOCATION</u>] [<u>REMOTE_FILE</u>]...\n<b>g</b>   [OPTION]... [<u>SHARING_LOCATION</u>] [<u>REMOTE_FILE</u>]...</a></a></i4>\n\nOptions:\n<I4>\n               <A> # alignment\n-c, --check    performs a check of files consistency\n-N, --newer    overwrite files only if newer\n-n, --no       never overwrite files\n-q, --quiet    doesn't show progress\n-y, --yes      always overwrite files</a></i4>",
    "g": "Usage:\n<I4>\n<A> # alignment\nget <A> # just for alignment\n<b>get</b> [OPTION]... [<u>REMOTE_FILE</u>]...\n<b>g</b>   [OPTION]... [<u>REMOTE_FILE</u>]...\n\n<b>get</b> [OPTION]... [<u>SHARING_LOCATION</u>] [<u>REMOTE_FILE</u>]...\n<b>g</b>   [OPTION]... [<u>SHARING_LOCATION</u>] [<u>REMOTE_FILE</u>]...</a></a></i4>\n\nOptions:\n<I4>\n               <A> # alignment\n-c, --check    performs a check of files consistency\n-N, --newer    overwrite files only if newer\n-n, --no       never overwrite files\n-q, --quiet    doesn't show progress\n-y, --yes      always overwrite files</a></i4>",
    "put": "Usage:\n<I4>\n<A> # alignment\nput <A> # just for alignment\n<b>put</b> [OPTION]... [<u>LOCAL_FILE</u>]...\n<b>p</b>   [OPTION]... [<u>LOCAL_FILE</u>]...\n\n<b>put</b> [OPTION]... [<u>SHARING_LOCATION</u>] [<u>LOCAL_FILE</u>]...\n<b>p</b>   [OPTION]... [<u>SHARING_LOCATION</u>] [<u>LOCAL_FILE</u>]...</a></a></i4>\n\nOptions:\n<I4>\n               <A> # alignment\n-c, --check    performs a check of files consistency\n-N, --newer    overwrite files only if newer\n-n, --no       never overwrite files\n-q, --quiet    doesn't show progress\n-y, --yes      always overwrite files</a></i4>",
    "p": "Usage:\n<I4>\n<A> # alignment\nput <A> # just for alignment\n<b>put</b> [OPTION]... [<u>LOCAL_FILE</u>]...\n<b>p</b>   [OPTION]... [<u>LOCAL_FILE</u>]...\n\n<b>put</b> [OPTION]... [<u>SHARING_LOCATION</u>] [<u>LOCAL_FILE</u>]...\n<b>p</b>   [OPTION]... [<u>SHARING_LOCATION</u>] [<u>LOCAL_FILE</u>]...</a></a></i4>\n\nOptions:\n<I4>\n               <A> # alignment\n-c, --check    performs a check of files consistency\n-N, --newer    overwrite files only if newer\n-n, --no       never overwrite files\n-q, --quiet    doesn't show progress\n-y, --yes      always overwrite files</a></i4>",
    "list": "Usage:\n<I4>\n<A> # alignment\nlist <A> # just for alignment\n<b>list</b> [<u>OPTION</u>]...\n<b>list</b> [<u>SERVER_LOCATION</u>] [<u>OPTION</u>]...</a></a></i4>\n\nOptions:\n<I4>\n      <A> # alignment\n-l    show more details of sharings</a></i4>",
    "info": "Usage:\n<I4>\n<A> # alignment\ninfo <A> # just for alignment\n<b>info</b> [<u>OPTION</u>]...\n<b>i</b>    [<u>OPTION</u>]...\n\n<b>info</b> [<u>SERVER_LOCATION</u>] [<u>OPTION</u>]...\n<b>i</b>    [<u>SERVER_LOCATION</u>] [<u>OPTION</u>]...</a></a></i4>\n\nOptions:\n<I4>\n      <A> # alignment\n-l    show more details of sharings</a></i4>",
    "i": "Usage:\n<I4>\n<A> # alignment\ninfo <A> # just for alignment\n<b>info</b> [<u>OPTION</u>]...\n<b>i</b>    [<u>OPTION</u>]...\n\n<b>info</b> [<u>SERVER_LOCATION</u>] [<u>OPTION</u>]...\n<b>i</b>    [<u>SERVER_LOCATION</u>] [<u>OPTION</u>]...</a></a></i4>\n\nOptions:\n<I4>\n      <A> # alignment\n-l    show more details of sharings</a></i4>",
    "ping": "Usage:\n<I4>\n<A> # alignment\nping <A> # just for alignment\n<b>ping</b> [<u>OPTION</u>]...\n\n<b>ping</b> [<u>OPTION</u>]... [<u>SERVER_LOCATION</u>]</a></a></i4>\n\nOptions:\n<I4>\n                       <A> # alignment\n-c, --count  <count>   stop after <u>count</u> messages</a></i4>",
    "es": "Usage:\n<I4>\n<A> # alignment\nes <A> # just for alignment\n<b>es</b> [<u>OPTION</u>]... [<u>COMMAND</u> [<u>COMMAND_ARGUMENTS</u>]]</a></a></i4>\n\nOptions:\n<I4>\n                                 <A> # alignment\n-d, --discover-port  <port>      port used for broadcast discovery messages\n-h, --help                       show this help\n--no-color                       don't print ANSI escape characters\n-t, --trace  <0_or_1>            enable/disable tracing\n-v, --verbose  <level>           set verbosity level\n-V, --version                    show the easyshare version\n-w, --discover-wait  <seconds>   time to wait for discovery responses</a></i4>\n\n<I0>\n<A> # alignment\nSEE THE MAN PAGE FOR MORE INFO AND EXAMPLES</a></i0>",
    "esd": "Usage:\n<I4>\n<A> # alignment\nesd <A> # just for alignment\n<b>esd</b> [<u>OPTION</u>]... [<u>SHARING</u> [<u>SHARING_NAME</u>] [<u>SHARING_OPTION</u>]...]</a></a></i4>\n\nOptions:\n<I4>\n                                <A> # alignment\n-a, --address  <address>        server address (default is primary interface)\n-c, --config  <config_path>     load settings from a esd configuration file\n-d, --discover-port  <port>     port used to listen to discovery messages (default is 12021)\n-e, --rexec                     enable rexec (remote execution)\n-h, --help                      show this help\n-n, --name  <name>              server name\n--no-color                      don't print ANSI escape characters\n-P, --password  <password>      server password, plain or hashed with es-tools\n-p, --port  <port>              server port (default is 12020)\n--ssl-cert  <cert_path>         path to an SSL certificate\n--ssl-privkey  <privkey_path>   path to an SSL private key\n-t, --trace  <0_or_1>           enable/disable tracing\n-v, --verbose  <level>          set verbosity level\n-V, --version                   show the easyshare version</a></i4>\n\n<I0>\n<A> # alignment\nSEE THE MAN PAGE FOR MORE INFO AND EXAMPLES</a></i0>",
    "es-tools": "Usage:\n<I4>\n<A> # alignment\nes-tools <A> # just for alignment\n<b>es-tools</b> [<u>OPTION</u>]...</a></i4>\n\nOptions:\n<I4>\n                                  <A> # alignment\n-c, --generate-config             generate default esd.conf file\n-h, --help                        show this help\n-p, --hash-password  <password>   generate an hash of the password\n-V, --version                     show the easyshare version</a></i4>\n\n<I0>\n<A> # alignment\nSEE THE MAN PAGE FOR MORE INFO AND EXAMPLES</a></i0>",
    "usage": "Type <b>es<b> <u>--help</u> for see <b>es</b> usage and options.\nType <b>help <u>command</u> for the full documentation of a <u>command</u>.\n\nAvailable commands are:     \n                    <a>\n<b>General commands</b>\n<I4>\nhelp                show this help\nexit, quit, q       exit from the interactive shell\ntrace, t            enable/disable packet tracing\nverbose, v          change verbosity level\n</i>\n<b>Connection establishment commands</b>\n<I4>\nscan, s             scan the network for easyshare servers\nconnect             connect to a remote server\ndisconnect          disconnect from a remote server\nopen, o             open a remote sharing (eventually discovering it)\nclose, c            close the remote sharing\n</i>\n<b>Transfer commands</b>\n<I4>\nget, g              get files and directories from the remote sharing\nput, p              put files and directories in the remote sharing\n</i>\n<b>Local commands</b>\n<I4>\npwd                 show the name of current local working directory\nls                  list local directory content\nl                   alias for ls -la\ntree                list local directory contents in a tree-like format\ncd                  change local working directory\nmkdir               create a local directory\ncp                  copy files and directories locally\nmv                  move files and directories locally\nrm                  remove files and directories locally\nexec, :             execute an arbitrary command locally\n</i>\n<b>Remote commands</b>\n<I4>\nrpwd                show the name of current remote working directory\nrls                 list remote directory content\nrl                  alias for rls -la\nrtree               list remote directory contents in a tree-like format\nrcd                 change remote working directory\nrmkdir              create a remote directory\nrcp                 copy files and directories remotely\nrmv                 move files and directories remotely\nrrm                 remove files and directories remotely\nrexec, ::           execute an arbitrary command remotely (disabled by default) since it will compromise server security\n</i>\n<b>Server information commands</b>\n<I4>\ninfo, i             show information about the remote server\nlist                list the sharings of the remote server\nping                test the connection with the remote server</i></a>"
}
